{
    "name": "Agente",
    "description": "",
    "nodes": [
        {
            "id": 1,
            "type": "action",
            "posX": 744.5,
            "posY": 144.625,
            "data": {
                "name": "Acci\u00f3n",
                "action_type": "redirect",
                "action_content": "http:\/\/www.google.com"
            }
        },
        {
            "id": 2,
            "type": "start",
            "posX": 85.5,
            "posY": 156.625,
            "data": {
                "name": "Inicio",
                "description": "Punto de entrada del flujo"
            }
        },
        {
            "id": 3,
            "type": "condition",
            "posX": 433,
            "posY": 151,
            "data": {
                "name": "Condici\u00f3n",
                "condition_text": "hablar con un agente",
                "condition_type": "contains",
                "output_labels": [
                    "Verdadero",
                    "Falso"
                ]
            }
        }
    ],
    "connections": [
        {
            "nodeSource": 2,
            "nodeTarget": "3",
            "outputSource": null
        },
        {
            "nodeSource": 3,
            "nodeTarget": "1",
            "outputSource": null
        }
    ],
    "updated_at": "2025-05-10 18:12:28"
}